[
    {
        "queryID": "Q-001",
        "queryText": "How long should I wait for the bus before it leaves?"
    },
    {
        "queryID": "Q-002",
        "queryText": "What's the waiting time for the bus before departure?"
    },
    {
        "queryID": "Q-003",
        "queryText": "How early should I arrive at the station to catch the bus?"
    },
    {
        "queryID": "Q-004",
        "queryText": "What time should I get to the bus station before it departs?"
    },
    {
        "queryID": "Q-005",
        "queryText": "When should I be at the bus terminal before it leaves?"
    },
    {
        "queryID": "Q-006",
        "queryText": "Can you tell me the bus wait time before it starts?"
    },
    {
        "queryID": "Q-007",
        "queryText": "How long does the bus wait before departing?"
    },
    {
        "queryID": "Q-008",
        "queryText": "What’s the pre-departure waiting time for the bus?"
    },
    {
        "queryID": "Q-009",
        "queryText": "How much time in advance should I be at the bus stop?"
    },
    {
        "queryID": "Q-010",
        "queryText": "How early should I get to the bus pickup point?"
    },
    {
        "queryID": "Q-011",
        "queryText": "¿Cuánto tiempo debo esperar antes de que salga el autobús?"
    },
    {
        "queryID": "Q-012",
        "queryText": "¿Cuál es el tiempo de espera del autobús antes de partir?"
    },
    {
        "queryID": "Q-013",
        "queryText": "¿A qué hora debo llegar a la estación de autobuses para atraparlo?"
    },
    {
        "queryID": "Q-014",
        "queryText": "¿Qué tiempo debo estar en la estación de autobuses antes de que salga?"
    },
    {
        "queryID": "Q-015",
        "queryText": "¿Cuándo debo estar en la terminal de autobuses antes de que parta?"
    },
    {
        "queryID": "Q-016",
        "queryText": "¿Me puedes decir el tiempo de espera del autobús antes de que inicie?"
    },
    {
        "queryID": "Q-017",
        "queryText": "¿Cuánto tiempo espera el autobús antes de partir?"
    },
    {
        "queryID": "Q-018",
        "queryText": "¿Cuál es el tiempo de espera previo a la salida del autobús?"
    },
    {
        "queryID": "Q-019",
        "queryText": "¿Cuánto tiempo de anticipación debo estar en la parada de autobús?"
    },
    {
        "queryID": "Q-020",
        "queryText": "¿Cuánto tiempo anticipado debo llegar al punto de recogida del autobús?"
    }
]